Race,Peak_Age_Group,Peak_Rate_per_100k
WHITE,55-59,532.3592821020179
BLACK,55-59,788.383108018087
LATINE,45-49,249.64718278524964
ASIAN,35-39,76.6707029701752
