Substance,High_Poverty_Rate,Low_Poverty_Rate,Ratio
Methamphetamine,10.965625000000001,7.661764705882353,1.4312140115163148
Fentanyl,9.771874999999998,6.324705882352941,1.545032319568452
Heroin,1.56125,2.4541176470588235,0.6361756951102588
Cocaine,8.26875,1.7823529411764705,4.639232673267327
Prescription opioids,1.85375,2.6641176470588235,0.6958213733716052
