Scenario,Rate_per_100k,Poverty_Rate,Median_Income
Observed Black,85.40227147493668,20.94257450207929,60696
Counterfactual Black (White SES),1421.9850679468489,10.76808281420348,107041
Observed White,42.491262285861126,10.76808281420348,107041
Observed Latine,24.361666832059104,14.971988855827654,75772
