Race,Overdose_Rate_per_100k,Disparity_Ratio,Poverty_Rate_%,Median_Income,Median_Age,Population,Pct_of_LA_County,Poverty_Ratio_vs_White,Income_Ratio_vs_White
Black (NH),85.4,2.9,20.9,60696,40.2,709583,7.3,1.935185185185185,0.5670350613316393
White (NH),42.49,1.44,10.8,107041,45.8,2369899,24.5,1.0,1.0
Latine,24.36,0.83,15.0,75772,33.8,4695902,48.6,1.3888888888888888,0.707878289627339
Asian (NH),5.98,0.2,11.7,100119,44.2,1454666,15.1,1.0833333333333333,0.9353331900860418
