Substance,N,Poverty_Corr,Poverty_P,Income_Corr,Income_P
Methamphetamine,44,0.05705915949743314,0.7129540759941488,0.16329950669793836,0.28953025730061555
Fentanyl,44,0.05237848126232894,0.7356124478038829,0.18404186677290754,0.23173601527539353
Heroin,44,-0.26775173401157726,0.07888792963696357,0.296213250271935,0.050896166268446445
Cocaine,44,0.33741773257329427,0.0250985809340749,-0.1838540784041554,0.23222092164380143
Prescription opioids,44,-0.19848062974689612,0.1965082972695784,0.16882938191984395,0.27328233474985864
