Scenario,Rate_per_100k,Poverty_Rate,Median_Income,SES_Explained_Pct,Structural_Remaining_Pct
Observed Black,85.40227147493668,20.94257450207929,60696,,
Counterfactual Black (White SES),95.14693099820713,10.76808281420348,107041,0.0,100.0
Observed White,42.491262285861126,10.76808281420348,107041,,
Observed Latine,24.361666832059104,14.971988855827654,75772,,
