Model,R_squared,R2_increase
SES Only,0.273148273471862,
Race + SES,0.5778817204142062,0.30473344694234417
