Correlation,P_Value
-0.7695721604476159,0.003423164794791419
