Correlation,P_Value
-0.1759287034065697,0.5844269593260397
