Industry,Correlation,P_Value
Manufacturing,0.5506887144881726,0.06352585406389205
Construction,0.8345861638056677,0.0007336096253720286
