Indicator,Correlation,P_Value,Significant
National_Unemployment,-0.342547349681441,0.2757317245445219,False
CA_Unemployment,-0.23460351452036696,0.4629795884783383,False
