Model,Pseudo_R2,R2_increase
SES Only,0.3396266611839096,
Race + SES,0.9120077723885098,0.5723811112046002
