Variable,R²,Variance_Explained_%
Non-Participation Rate,0.5692510497452272,56.925104974522725
Labor Force Participation Rate,0.5692510497452271,56.92510497452271
Unemployment Rate,0.12465262545655692,12.465262545655692
Non-Employment Rate (Unemployed + Not in LF),0.0011690397178806588,0.11690397178806587
