Correlation,P_Value
0.20451033152082898,0.5237435483612123
