Race,Year,Observed_Rate,Expected_Rate,Excess_Rate,Observed_Deaths,Expected_Deaths,Excess_Deaths,Percent_Excess
WHITE,2020,36.394005482115254,25.358565962241755,11.0354395198735,933,650.0944792789663,282.90552072103367,43.51760086238702
WHITE,2021,47.3462548120899,27.366463370548445,19.979791441541458,1146,662.395941286579,483.60405871342095,73.00830644796996
BLACK,2020,57.18499938871207,27.357411465533914,29.827587923178157,435,208.10481970305528,226.89518029694472,109.02927698680953
BLACK,2021,74.19054790273287,30.034891484286163,44.15565641844671,536,216.9912784130332,319.0087215869668,147.01453621548237
LATINE,2020,16.77785998203963,9.460744469474548,7.317115512565081,874,492.83345284632406,381.16654715367594,77.34185756918002
LATINE,2021,22.42492159049482,10.297321524605195,12.127600065889624,1082,496.8446308568329,585.155369143167,117.77431671829439
ASIAN,2020,5.358704197493347,2.7715809192687857,2.5871232782245617,79,40.85967139680057,38.14032860319943,93.34467776993903
ASIAN,2021,5.019611342648431,2.9945010962408674,2.0251102464075634,72,42.95234515419398,29.047654845806022,67.62763416416097
