Race,Total_Excess_Deaths_2020_2021
ASIAN,67.18798344900546
BLACK,545.9039018839114
LATINE,966.321916296843
WHITE,766.5095794344546
