Component,Correlation,P_value
Poverty Rate,0.09013276554381457,0.56066927214649
Median Income,0.11708318136587265,0.44911419132068825
Rent Burden,0.2916305512915962,0.054763043949620005
