Year,Race,Homeless_Deaths,Total_Deaths,Homeless_Rate
2012,WHITE,41,259,15.83011583011583
2012,LATINE,20,171,11.695906432748536
2012,BLACK,10,67,14.925373134328357
2012,ASIAN,0,16,0.0
2012,OTHER,0,0,
2012,UNKNOWN,0,0,
2013,WHITE,37,331,11.178247734138973
2013,LATINE,39,187,20.855614973262032
2013,BLACK,9,77,11.688311688311687
2013,ASIAN,0,15,0.0
2013,OTHER,0,0,
2013,UNKNOWN,0,0,
2014,WHITE,44,336,13.095238095238097
2014,LATINE,31,194,15.979381443298967
2014,BLACK,18,70,25.71428571428571
2014,ASIAN,0,21,0.0
2014,OTHER,0,0,
2014,UNKNOWN,0,0,
2015,WHITE,63,421,14.964370546318289
2015,LATINE,42,243,17.28395061728395
2015,BLACK,28,117,23.931623931623932
2015,ASIAN,1,23,4.3478260869565215
2015,OTHER,0,0,
2015,UNKNOWN,0,0,
2016,WHITE,59,443,13.31828442437923
2016,LATINE,56,273,20.51282051282051
2016,BLACK,22,113,19.469026548672566
2016,ASIAN,4,22,18.181818181818183
2016,OTHER,0,0,
2016,UNKNOWN,0,0,
2017,WHITE,105,471,22.29299363057325
2017,LATINE,59,309,19.093851132686083
2017,BLACK,42,133,31.57894736842105
2017,ASIAN,3,32,9.375
2017,OTHER,0,0,
2017,UNKNOWN,0,0,
2018,WHITE,99,570,17.36842105263158
2018,LATINE,90,370,24.324324324324326
2018,BLACK,58,176,32.95454545454545
2018,ASIAN,7,44,15.909090909090908
2018,OTHER,0,0,
2018,UNKNOWN,0,0,
2019,WHITE,126,635,19.84251968503937
2019,LATINE,98,484,20.24793388429752
2019,BLACK,77,217,35.483870967741936
2019,ASIAN,0,32,0.0
2019,OTHER,0,0,
2019,UNKNOWN,0,0,
2020,WHITE,201,933,21.54340836012862
2020,LATINE,193,874,22.08237986270023
2020,BLACK,157,435,36.0919540229885
2020,ASIAN,6,79,7.59493670886076
2020,OTHER,0,0,
2020,UNKNOWN,0,0,
2021,WHITE,284,1146,24.781849912739965
2021,LATINE,242,1082,22.36598890942699
2021,BLACK,194,536,36.19402985074627
2021,ASIAN,6,72,8.333333333333332
2021,OTHER,0,0,
2021,UNKNOWN,0,0,
2022,WHITE,328,1136,28.87323943661972
2022,LATINE,322,1208,26.655629139072843
2022,BLACK,236,630,37.46031746031746
2022,ASIAN,16,95,16.842105263157894
2022,OTHER,0,0,
2022,UNKNOWN,0,0,
2023,WHITE,115,1007,11.420059582919563
2023,LATINE,94,1144,8.216783216783217
2023,BLACK,99,606,16.33663366336634
2023,ASIAN,6,87,6.896551724137931
2023,OTHER,0,0,
2023,UNKNOWN,0,0,
