Metric,Correlation,P_Value
Mortgage_Rate,0.3765777226850027,0.22759794676056552
Home_Price_Index,0.9587018603109938,8.826186801944098e-07
