Analysis,Correlation_r,P_Value
Aggregate (Original),0.9533361835260894,5.604705340596385e-06
Detrended,0.6834734710633761,0.020414031301508775
