Lag,Lag_Value,Correlation,P_Value,N
t (contemporaneous),0,0.0006210447724432806,0.975057590035919,2537
t-1,1,-0.051222183033284414,0.014922796553338419,2258
t-2,2,-0.09442512209549016,2.5238188563918614e-05,1984
t-3,3,-0.14281542169806752,2.871512097182385e-09,1714
